menu_start_game_options| Bienvenue dans Floris Expanded Mod Pack 2.5 pour Mount and Blade Warband v1.143, VF de BerTolkien avec la contribution de Laryakan et partiellement mise à jour par Snouz.^ Ce pack est une compilation de plusieurs mods parmi les meilleurs.^^Choisissez la première option de jeu. Cette option ne pourra plus être changée après le début du jeu.
mno_choose_options|Continuer
mno_start_mod|Personnage rapide (pour le mod testing)
mno_go_back|Retour
mno_continue|Continuer
menu_start_game_3|Choisissez un scénario
menu_tutorial|Vous approchez d'un terrain où des guerriers s'entraînent au combat. Vous pouvez vous exercer ici.
mno_go_back_dot|Retour
menu_reports|Renommée du personnage : {reg5}^Honneur : {reg6}^Moral du groupe : {reg8}^Limite taille du groupe : {reg7}^
mno_view_party_reports|Voir le rapport personnel
mno_dplmc_show_economic_report|Rapport économique
mno_resume_travelling|Reprendre l'aventure
menu_reference_reports|Reference Material
mno_action_view_upgrade_trees|Arbres de promotions
mno_action_view_all_items|Voir tous les objets
mno_action_view_trade_ledger|Livre de marchand
mno_action_view_trade_ledger_denied|Évaluez des prix pour commencer votre livre de marchand!
mno_return|Retour
menu_kingdom_reports|Rapports de royaume
mno_view_faction_relations_report|Relations avec les factions
mno_kmt_lord_holdings|Possessions du seigneur
mno_lord_relations|Relations avec les seigneurs
menu_personal_reports|Rapport personnel
mno_view_character_report|Statut du personnage
mno_courtship_relations|Relations de séduction
mno_view_affiliated_family_report|Rapport de la famille affiliée
mno_view_weekly_budget_report|Rapport financier hebdomadaire
mno_view_bank_report|Rapport bancaire
menu_cheat_reports|Rapport de cheats
menu_party_reports|Rapport du groupe
mno_view_party_size_report|Rapport sur la limite de soldats
mno_view_morale_report|Rapport sur le moral des troupes
mno_Companions_overview|Vue d'ensemble des compagnons
mno_view_player_companion_report|Rapport entre le héros et les compagnons
mno_view_npc_mission_report|Rapport mission des compagnons
menu_custom_battle_scene|(Non transcrit)
menu_custom_battle_end|La bataille est terminée. {reg5} ennemis ont été vaincus. ^Vos pertes s'élèvent à {reg6}. ^Vous avez personnellement vaincu {reg7} ennemis.
menu_start_game_0| Avant de commencer à jouer, il vous faut créer votre personnage. Rappelez-vous que dans une société médiévale traditionnelle (comme celle de Calradia), la guerre et la politique sont en général régentées par la noblesse. Mais cela ne veut pas dire que vous ne pouvez pas choisir de jouer une femme ou un roturier. ^Un aristocrate débutera la partie plus facilement, mais les autres peuvent atteindre les mêmes buts, et même se révéler plus intéressant à jouer si on aime les défis !
menu_start_game_1|Sélectionnez le sexe de votre personnage
mno_start_male|Homme
mno_start_female|Femme
menu_start_character_1|Vous avez vu le jour il y a bien des années dans un pays lointain. Votre père était...
mno_start_noble|Un noble désargenté
mno_start_merchant|Un marchand itinérant
mno_start_guard|Un guerrier vétéran
mno_start_forester|Un chasseur
mno_start_nomad|Un nomade des steppes
mno_start_thief|Un voleur
menu_start_character_2|{s10}^^ Vous avez commencé à découvrir le monde dès que vous avez su marcher et parler. Lors de vos premières années, vous étiez...
mno_page|Page à la cour d'un noble
mno_apprentice|Apprenti{reg3?e:} chez un artisan
mno_stockboy|Assistant{reg3?e:} chez un marchand
mno_urchin|Un{reg3?e:} gamin{reg3?e:} des rues
mno_nomad|Un{reg3?e:} adolescent{reg3?e:} des steppes
menu_start_character_3|{s11}^^ Puis, encore jeune adulte, votre vie a pris un autre chemin pour devenir...
mno_squire|Écuyer
mno_lady|Dame d'honneur
mno_troubadour|Troubadour
mno_student|Étudiant{reg3?e:}
mno_peddler|Colport{reg3?euse:eur}
mno_craftsman|Forgeron{reg3?ne:}
mno_poacher|Braconni{reg3?ère:er}
menu_start_character_4|{s12}^^Mais vous avez décidé de partir à l'aventure. Ce qui vous a incité à prendre cette décision fut...
mno_revenge|Une vengeance à assouvir
mno_death|La perte d'une personne chère
mno_wanderlust|L'appel de l'aventure
mno_disown|Le fait qu'on vous chasse de chez vous
mno_greed|La soif d'argent et de pouvoir
menu_choose_skill|{s13}
mno_begin_adventuring|À l'aventure, compagnon !
menu_past_life_explanation|{s3} {s4}
mno_view_next|{s5}
menu_morale_report|{s1}
menu_courtship_relations|{s1}
menu_lord_relations|{s1}
menu_companion_report|{s7}{s1}
menu_character_report|{s9}
menu_party_size_report|{s1}
menu_faction_relations_report|{s1}
menu_camp|Vous avez établi un campement. Que souhaitez-vous faire ?
mno_camp_recruit_prisoners|Recruter des soldats parmi vos prisonniers
mno_camp_manage_inventory|Gérer l'inventaire des compagnons
mno_camp_action|Prendre une décision
mno_action_prebattle_custom_divisions|Organiser ses divisions
mno_camp_wait_here|Rester ici jusqu'à nouvel ordre
mno_camp_fishing|Pêcher
mno_camp_inspect|Inspecter le campement
mno_camp_entrench|{s1}
mno_camp_mod_opition|Options de mod
mno_camp_cheat|MENU DE TRICHE !
menu_camp_cheat|Choisir une triche :
mno_camp_cheat_find_item|Obtenir un objet.
mno_camp_action_4|Retourner au campement
menu_camp_action|Choisir une action :
mno_action_read_book|Choisir un livre à lire
mno_action_change_party_name|Changer le nom du groupe
mno_action_rename_kingdom|Renommer votre royaume
mno_action_change_vassal_title|Changer le titre de noblesse des vassaux
mno_jump_to_scene|debug : test menu scène
mno_action_modify_banner|Modifier votre bannière
mno_action_modify_factions_color|Redéfinir les couleurs des factions
mno_action_export_import|Exporter ou importer personnage
mno_action_retire|Prendre votre retraite
menu_export_import_npcs|Choisissez un personnage, puis presser la touche C pour le voir et l'exporter ou l'importer.^^Vous avez choisi {reg0?{s0}:personne}.
mno_export_import_back|Retour
mno_export_import_npc1|{s0}
mno_export_import_npc2|{s0}
mno_export_import_npc3|{s0}
mno_export_import_npc4|{s0}
mno_export_import_npc5|{s0}
mno_export_import_npc6|{s0}
mno_export_import_npc7|{s0}
mno_export_import_npc8|{s0}
mno_export_import_npc9|{s0}
mno_export_import_npc10|{s0}
mno_export_import_npc11|{s0}
mno_export_import_npc12|{s0}
mno_export_import_next|Page suivante
menu_export_import_npcs_2|Choisissez un personnage, puis pressez la touche C pour le voir et l'exporter ou l'importer.^^Vous avez choisi {reg0?{s0}:personne}.
mno_export_import_prev|Page précédente
mno_export_import_npc13|{s0}
mno_export_import_npc14|{s0}
mno_export_import_npc15|{s0}
mno_export_import_npc16|{s0}
mno_export_import_npc17|{s0}
mno_export_import_npc18|{s0}
mno_export_import_npc19|{s0}
mno_export_import_npc20|{s0}
mno_export_import_npc21|{s0}
mno_export_import_npc22|{s0}
mno_export_import_npc23|{s0}
menu_camp_recruit_prisoners|Recruter des soldats parmi vos prisonniers
mno_camp_recruit_prisoners_accept|Accepter
mno_camp_recruit_prisoners_reject|Refuser
menu_camp_no_prisoners|Vous n'avez pas de prisonnier
menu_camp_action_read_book|Choisissez un livre à lire :
mno_action_read_book_1|{s1}
mno_action_read_book_2|{s1}
mno_action_read_book_3|{s1}
mno_action_read_book_4|{s1}
mno_action_read_book_5|{s1}
mno_action_read_book_6|{s1}
mno_action_read_book_7|{s1}
mno_action_read_book_8|{s1}
mno_action_read_book_9|{s1}
mno_action_read_book_10|{s1}
mno_action_read_book_11|{s1}
mno_action_read_book_12|{s1}
mno_action_read_book_13|{s1}
menu_camp_action_read_book_start|{s1}
menu_retirement_verify|Cela fait {reg0} jours qu'a débuté votre aventure. Votre chance actuelle est à {reg1}. ^Êtes-vous certain de vouloir prendre votre retraite ?
mno_retire_yes|Oui
mno_retire_no|Non
menu_end_game|Vous avez pris votre décision et vous avez décidez de vous ranger de la vie d'aventurier. ^Vous vendez vos armes et votre armure, rassemblez vos économies et chevauchez tranquillement vers le soleil couchant...
mno_end_game_bye|Adieu
menu_cattle_herd|Vous croisez un troupeau de bovins.
mno_cattle_drive_away|Faire avancer le troupeau
mno_cattle_stop|Arrêter le troupeau
mno_cattle_kill|Abattre des bêtes
mno_leave|Partir
menu_cattle_herd_kill|Combien de bêtes souhaitez-vous abattre ?
mno_cattle_kill_1|Une
mno_cattle_kill_2|Deux
mno_cattle_kill_3|Trois
mno_cattle_kill_4|Quatre
mno_cattle_kill_5|Cinq
menu_arena_duel_fight|Vous vous préparez tous deux à vous battre en duel
menu_simple_encounter|{s2} Vous êtes {reg10} en état de se battre contre l'ennemi au nombre de {reg11}.
mno_change_commander_simple_encounter|Changer de commandant
mno_access_crew|Réaffecter des troupes pour se battre
mno_deployment|Choisir qui vous rejoindra au combat
mno_orders|Planifier la bataille
mno_do_orders|Nous sommes prêts!
mno_clear_orders|Réévaluer la situation
mno_hold|Monter sur le terrain
mno_follow|Mener vos troupes
mno_encounter_attack|- Attaquer l'ennemi -
mno_encounter_order_attack|Ordonner à vos troupes d'engager le combat sans vous
mno_encounter_leave|Quitter
mno_encounter_retreat|Se replier (laisser des soldats pour couvrir la retraite)
mno_encounter_surrender|Capituler
menu_encounter_retreat_confirm|En tant que meilleur tacticien de votre troupe, ({reg2}), {reg3?vous planifiez:{s3} planifie} une manœuvre de repli, mais qui implique la diversion et le sacrifice de {reg4} soldats.
mno_leave_behind|Battre en retraite, le sacrifice de ces soldats sauvera leurs frères d'armes
mno_dont_leave_behind|Non, nous ne laisserons personne derrière
menu_encounter_retreat|Vous ordonnez à {reg4} de vos soldats de couvrir votre fuite.
menu_order_attack_begin|Vos troupes se préparent à attaquer l'ennemi.
mno_order_attack_begin|Sonner la charge
mno_call_back|Rappeler vos hommes
menu_order_attack_2|{s4}^^Vos pertes: {s8}^^Pertes ennemies: {s9}
mno_order_attack_continue|Ordonner à vos troupes de lancer un nouvel assaut
mno_order_retreat|Rappeler vos hommes
menu_battle_debrief|{s11}^^Vos pertes : {s8}{s10}^^Pertes ennemies : {s9}
menu_total_victory|Vous ne devriez pas lire cela. {s9}
menu_enemy_slipped_away|{s17}
menu_permanent_damage|{s0}
mno_s0|{s0}
menu_pre_join|Vous vous entremettez dans un affrontement entre les {s2} et les {s1}. ^Vous décidez de...
mno_pre_join_help_attackers|Vous battre aux côtés des {s2}
mno_pre_join_help_defenders|Venir en aide aux {s1}
mno_pre_join_leave|Rester en dehors de ça
menu_join_battle|Vous aidez les {s2} à affronter les {s1}. Vous disposez de {reg10} hommes, prêts à affronter les {reg11} ennemis.
mno_change_commander_join_battle|Changer de commandant
mno_join_attack|- Attaquer l'ennemi -
mno_join_order_attack|Ordonner à vos troupes d'engager le combat sans vous
mno_join_leave|Fuir le champ de bataille
mno_join_wounded|Vous êtes trop blessé pour vous battre
menu_join_order_attack|{s4}^^Vos pertes: {s8}^^Pertes alliées : {s9}^^Pertes ennemies : {s10}
menu_zendar|Vous entrez dans la ville de Zendar.
mno_zendar_enter| 
mno_zendar_enter_door|Centre-ville
mno_zendar_tavern| 
mno_zendar_tavern_door|Taverne
mno_zendar_merchant| 
mno_zendar_merchant_door|Boutique
mno_zendar_arena| 
mno_zendar_arena_door|Arènes
mno_town_1_leave| 
menu_salt_mine|Vous entrez dans la mine de sel.
mno_enter|Entrer
menu_four_ways_inn|Vous arrivez à l'auberge de la Croisée.
menu_test_scene|Vous arrivez dans la scène de test.
mno_jump|Aller sur la scène
menu_dhorak_keep|Vous entrez dans le donjon de Dhorak.
menu_join_siege_outside|{s2} assiège {s1}.
mno_approach_besiegers|Approcher du camp des assiégeants
mno_pass_through_siege|Franchir les lignes du siège et entrer dans {s1}
menu_cut_siege_without_fight|Les assaillants vous laissent approcher du château sans encombre.
menu_besiegers_camp_with_allies|{s1} est toujours en état de siège, les bannières du {s2} flottent au-dessus du camp des assiégeants, où vos hommes et vous êtes les bienvenus.
mno_talk_to_siege_commander|Demander une audience avec le commandant
mno_change_commander_besiegers_camp_with_allies|Changer de commandant
mno_join_siege_with_allies|Rejoindre le prochain assaut
mno_join_siege_stay_back|Ordonner à vos soldats de se joindre au prochain assaut sans vous
menu_castle_outside|Vous êtes à l'extérieur de {s2}.{s11} {s3} {s4}
mno_approach_gates|Approcher des portes et appeler les gardes
mno_town_sneak|Se déguiser pour essayer de franchir les portes
mno_dplmc_riot_start_siege|Assiéger {reg6?la ville:le château} pour contrer l'insurrection
mno_dplmc_riot_negotiate|Entamer des négociations
mno_castle_start_siege|Assiéger {reg6?la ville:le château}
mno_castle_leave|Quitter
menu_castle_guard|Vous vous approchez des portes. Les gardes sur les remparts vous observent attentivement.
mno_request_shelter|Demander à entrer au château
mno_request_meeting_commander|Solliciter une audience
mno_guard_leave|Partir
menu_castle_entry_granted|Après quelques instants, les gardes ouvrent les portes et vous permettent d'entrer.
menu_castle_entry_denied|L'entrée de ce château vous a été interdite par le seigneur des lieux, et le chef des gardes vous informe qu'il ordonnera à ses hommes de tirer si vous vous approchez davantage.
menu_castle_meeting|Qui souhaitez-vous rencontrer ?
mno_guard_meet_s5|{s5}.
mno_forget_it|Laissez tombez
menu_castle_meeting_selected|Votre requête a été transmise, et finalement {s6} apparaît dans la cour afin de discuter avec vous.
menu_castle_besiege|Vous assiégez {s1}. {s2} {s3} {s4} ^{s15}
mno_siege_request_meeting|Demander une entrevue avec le chef des assiégés
mno_wait_24_hours|Attendre jusqu'à demain
mno_siege_camp|Position retranchée
mno_siege_camp_interupted|Continuer la position retranchée
mno_siege_camp_inspect|Inspecter le campement du siège
mno_change_commander_castle_besiege|Changer de commandant
mno_castle_lead_attack|Mener l'assaut contre les murailles
mno_attack_stay_back|Ordonner à vos troupes d'engager le combat sans vous
mno_build_ladders|Se préparer à l'assaut
mno_build_siege_tower|Construire une tour de siège
mno_lift_siege|Lever le siège
menu_siege_attack_meets_sally|Des défenseurs tentent une sortie afin de vous surprendre et de contrer votre assaut.
menu_castle_besiege_inner_battle|{s1}
menu_construct_ladders|{reg3?Selon vous:Selon {s3}}, construire des échelles prendra {reg4} heures.
mno_build_ladders_cont|Commencer
menu_construct_siege_tower|{reg3?Selon vous:Selon {s3}}, construire une tour de siège prendra {reg4} heures.
mno_build_siege_tower_cont|Commencer la construction
menu_castle_attack_walls_simulate|{s4}^^Vos pertes:{s8}^^Pertes ennemies: {s9}
menu_castle_attack_walls_with_allies_simulate|{s4}^^Vos pertes: {s8}^^Pertes alliées: {s9}^^Pertes ennemies: {s10}
menu_castle_taken_by_friends|Rien à voir ici.
menu_castle_taken|Grâce à votre victoire sur les défenseurs de {s3}, vous détenez désormais {reg2?la ville:le château}.^{reg1? Vous pouvez déployer des troupes en garnison pour défendre ce fief. Vous devez aussi indiquer si vous souhaitez conserver {reg2?la ville:le château} pour vous-même ou le confier à un fidèle vassal...:}
mno_dplmc_spoils_yourself|Piller et garder tout le butin
mno_dplmc_spoils_accompanying_vassals|Piller et partager équitablement le butin entre les vassaux qui vous accompagnent et vous-même
mno_dplmc_spoils_all_vassals|Piller et partager équitablement le butin entre tous les vassaux et vous-même
menu_castle_taken_2|Vous avez pris le contrôle de {s3}. ^Il est temps d'envoyer un message pour informer {s9} de votre victoire. {s5}
mno_castle_taken_claim|Demander à ce qu'on vous attribue {s3}
mno_castle_taken_claim_2|Demander à ce que votre {épouse/époux} reçoive {s3}
mno_castle_taken_no_claim|Ne rien demander
menu_requested_castle_granted_to_player|Vous recevez un message de votre suzerain, {s3}.^^ Il a décidé de vous confier {s2}{reg3? ainsi que le proche village de {s4}:}, et tous les titres et revenus qui en découlent, aussi longtemps que vous lui resterez fidèle.
menu_requested_castle_granted_to_player_husband|Vous recevez un message de votre monarque, {s3}.^^ {reg4?Elle:Il} a décidé d'accorder {s2}{reg3? et le village voisin de {s4}:} à votre mari, {s7}.
menu_requested_castle_granted_to_another|Vous recevez un message de votre monarque, {s3}.^^ Félicitations pour vos faits d'armes et pour la capture de {s2}. C'est une réjouissante victoire ! ^Vous avez aussi réclamé la propriété du château, mais hélas c'est une faveur à laquelle je ne peux répondre favorablement, car vous jouissez déjà de seigneuries dans mon royaume. Pour m'amender, je vous ai envoyé {reg6} deniers pour couvrir vos dépenses de campagne. ^Quant à {s2}, j'ai saisi droit pour l'attribuer au {s5}.
mno_accept_decision|Accepter la décision.
mno_leave_faction|Vous estimez avoir été {trompé/trompée}, rompre le serment d'allégeance !
menu_requested_castle_granted_to_another_female|Vous recevez un message de votre monarque, {s3}.^^ Félicitations pour vos faits d'armes et pour la capture de {s2}. C'est une réjouissante victoire ! ^Vous avez quéri la clameur de la conquète à votre mari, hélas j'ai regret à la lui bailler, car votre époux conjouit déjà d'ample seigneurie dans mon royaume. Pour m'amender, recevez à gré ces {reg6} deniers. ^Quant à {s2}, j'ai saisi droit pour l'attribuer au {s5}.
menu_leave_faction|Rompre votre serment ne sera pas sans conséquence. Votre monarque vous condamnera et confisquera probablement vos fiefs et vos terres. ^Cependant, si vous les lui cédez de bon gré, il vous déchargera de vos obligations sans vous causer de tort.
mno_leave_faction_give_back|Je renonce à mes terres, et je romps mon serment d'allégeance
mno_leave_faction_hold|Je renonce à mon serment d'allégeance, mais je garde mes terres
mno_leave_faction_cancel|J'ai changé d'avis, je vais continuer à le servir
menu_give_center_to_player|{s1} veut vous confier un nouveau fief, {s2}. Quelle est votre réponse ?
mno_give_center_to_player_accept|Accepter son offre
mno_give_center_to_player_reject|Refuser de prendre en charge {s2}
menu_give_center_to_player_2|Un nouveau fief vous a été accordé. Vous êtes à présent le seigneur de {s2}{reg3? et de {s4}:}. ^Vous percevrez automatiquement ses rentes et revenus. Vous pouvez recruter des troupes parmi la populace, et gérer les terres à votre convenance. En contrepartie, il vous incombe de défendre votre fief, et d'y faire régner l'ordre.
menu_oath_fulfilled|Vous aviez pris l'engagement de servir {s1} pendant un certain temps, votre contrat touche à son terme. ^Que comptez-vous faire ?
mno_renew_oath|Prolonger votre engagement auprès du {s1} d'un mois supplémentaire
mno_dont_renew_oath|Mettre fin à votre contrat
menu_siege_started_defender|{s1} lance un assaut contre {s2}. Vous disposez de {reg10} soldats face aux {reg11} soldats ennemis. ^Vous décidez de...
mno_dplmc_negotiate_with_besieger|Négocier avec les assiégeants
mno_change_commander_siege_defender|Changer de commandant
mno_siege_defender_join_battle|Rejoindre la bataille
mno_siege_defender_troops_join_battle|Donner l'ordre à vos troupes d'engager le combat sans vous
menu_siege_join_defense|{s4}^^Vos pertes : {s8}^^Pertes alliées : {s9}^^Pertes ennemies : {s10}
menu_enter_your_own_castle|{s10}
menu_village|{s10} {s12}^{s11}^{s6}{s7}
mno_village_manage|Gérer ce village
mno_recruit_volunteers|Recruter des volontaires
mno_village_center|Aller au village
mno_village_center_door|Village
mno_dplmc_village_elder_meeting|Parler à l'ancien
mno_dplmc_village_elder_meeting_denied|Vous n'avez pas encore rencontré l'ancien
mno_village_buy_food|Commercer avec les villageois
mno_village_attack_bandits|Attaquer les bandits
mno_village_wait|Attendre ici jusqu'à nouvel ordre
mno_dplmc_village_counter_insurgency|Contrer l'insurrection
mno_dplmc_village_negotiate|Entamer des négociations
mno_collect_taxes_qst|{reg5?Continuer à collecter les taxes:Collectez les taxes} au nom du {s1}
mno_train_peasants_against_bandits_qst|Entraîner les paysans
mno_village_hostile_action|Attenter une action hostile
mno_village_leave|Partir
menu_village_hostile_action|Quelle action avez-vous en tête ?
mno_village_take_food|Forcer les paysans à vous donner des vivres
mno_village_steal_cattle|Voler du bétail
mno_village_loot|Mettre le village à sac
mno_forced_recruits|Tenter de forcer l'enrôlement de villageois
menu_recruit_volunteers|{s18}
mno_continue_not_enough_gold|Je n'ai pas assez d'argent...
mno_recruit_them|Les recruter ({reg6} deniers)
menu_village_hunt_down_fugitive_defeated|Soudain, vous perdez connaissance, et vous vous écroulez à terre. ^Quand vous ouvrez les yeux, vous réalisez que vous baignez dans votre propre sang mais, fort heureusement, vos blessures sont bénignes.
menu_village_infest_bandits_result|{s9}
menu_village_infestation_removed|Combattant avec ardeur, avec vos hommes vous mettez les bandits en déroute. Le village est à nouveau sûr. ^Les villageois n'ont plus grand chose après ce qu'il s'est passé, mais ils vous offrent de bon cœur le peu qu'il leur reste. Vous décidez de...
mno_village_bandits_defeated_accept|Prendre ce qui vous revient de droit
mno_village_bandits_defeated_cont|Refuser, ils en ont plus besoin que vous
menu_center_manage|{s19}^{reg6?^^Vous construisez actuellement {s7}. La construction sera achevée dans {reg8} jour{reg9?s:}.:}
mno_castle_recruit_troops|Recruter des troupes
mno_castle_sort_troops|Organiser les défenseurs
mno_center_build_manor|Construire un manoir
mno_center_build_fish_pond|Construire un moulin
mno_center_build_watch_tower|Construire une tour de guet
mno_center_build_school|Construire une école
mno_center_build_messenger_post|Construire un poste de messager
mno_center_build_prisoner_tower|Construire une tour de prison
mno_center_build_barracks|Construire une caserne
menu_center_improve|{s19} En tant que meilleur ingénieur du groupe ({reg2}), {reg3?vous estimez:{s3} estime} que construire {s4} coûtera {reg5} deniers et prendra {reg6} jours.
mno_dplmc_improve_cont|Allons-y (Payer avec la trésorerie)
mno_improve_cont|Lancer la construction
mno_improve_not_enough_gold|Je n'ai pas assez d'argent pour ça
menu_town_bandits_failed|{s4} {s5}
menu_town_bandits_succeeded|Les malfrats tombent sous vos coups. Vous vous retrouvez rapidement seul dans les rues désertes, avec les dépouilles de ceux qui ont eu l'impudence de vous tendre ce traquenard. ^^En fouillant les corps, vous trouvez une bourse pleine de deniers. Probablement le fruit de leurs forfaits crapuleux. ^À moins bien sûr qu'elle ne leur fût donnée par un commanditaire souhaitant votre mort...
menu_village_steal_cattle_confirm|En tant que membre le plus roublard du groupe ({reg2} en pillage), {reg3?vous estimez:{s1} estime} que vous pouvez voler {reg4} têtes de bétail au village.
mno_village_steal_cattle_confirm|Parfait, tentons le coup !
menu_village_steal_cattle|{s1}
menu_village_take_food_confirm|Il ne sera guère aisé de contraindre les villageois à vous céder leurs provisions. Vous pensez que vous aurez besoin d'au moins une heure pour tout ratisser.
mno_village_take_food_confirm|Presser les villageois, et perquisitionner
menu_village_take_food|Les villageois sont obligés de vous apporter ce que vous leur avez demandé.
mno_take_supplies|Prélevez des vivres
mno_let_them_keep_it|Qu'ils les gardent !
menu_village_start_attack|Des villageois s'arment d'outils et s'apprêtent à vous résister !
mno_village_raid_attack|Les massacrer
mno_village_raid_leave|Laisser le village en paix
menu_village_loot_no_resist|Les villageois terrifiés se dispersent rapidement à la seule vue de vos troupes. ^Le village est à votre merci.
menu_village_loot_complete|Vos hommes ont ravagé le village sur votre ordre, pillant tout ce qu'ils pouvaient avant de mettre le feu. ^Les deniers et les objets de valeurs trouvés vous rapportent au total {reg1} deniers
menu_village_loot_defeat|Combattant avec l'énergie du désespoir, les villageois parviennent à vous repousser.
menu_village_loot_continue|Voulez-vous continuer à piller ce village ?
mno_disembark_yes|Oui
mno_disembark_no|Non
menu_close|Rien
menu_town|{s10} {s14}^{s11}{s12}{s13}
mno_castle_castle|Se rendre à la grande salle{s1}.
mno_castle_castle_door|Château
mno_join_tournament|Rejoindre le tournoi
mno_town_castle|Château{s1}
mno_town_castle_door|Château
mno_town_center|Rues de la ville
mno_town_center_door|Rues de la ville
mno_town_tavern|Taverne
mno_town_tavern_door|Taverne
mno_town_merchant|Marchand
mno_town_merchant_door|Boutique
mno_town_arena|Arène
mno_town_arena_door|Arène
mno_town_dungeon|TRICHER : entrer dans les geôles
mno_town_dungeon_door|Geôles
mno_castle_inspect|Visiter les lieux
mno_castle_inspect_door|Cour du château
mno_town_enterprise|Se rendre dans votre {s3}
mno_town_enterprise_door|Votre {s3}
mno_visit_lady|Rendre visite à une dame
mno_visit_lady_door|Jardin
mno_trade_with_merchants|Place du marché
mno_walled_center_manage|Gérer {reg0?la ville:le château}
mno_walled_center_move_court|Déplacer votre cour ici
mno_castle_station_troops|Gérer la garnison {s10}
mno_dplmc_castle_give_troops|Mettre des troupes en garnison (définitif)
mno_castle_wait|Rester ici jusqu'à nouvel ordre {s1}
mno_dplmc_guild_master_meeting|Maître de guilde
mno_dplmc_guild_master_meeting_denied|                Maître de guilde (pas encore parlé)
mno_town_bank|Banque
mno_town_port|Port
mno_town_leave|Partir
mno_town_leave_door|Partir
mno_sail_from_port|Acheter un bateau et débarquer (50.000 deniers et grosseur du groupe à 30)
menu_cannot_enter_court|On donne actuellement un banquet dans la grande salle, mais votre statut ne vous permet pas d'y assister. ^Pour vous faire admettre, vous devez acquérir une certaine renommée, ou tenter de vous distinguer lors d'un tournoi.
menu_lady_visit|À qui voulez-vous rendre visite ?
mno_visit_lady_1|Rendre visite à {s12}
mno_visit_lady_2|Rendre visite à {s12}
mno_visit_lady_3|Rendre visite à {s12}
mno_visit_lady_3_door|Jardin.
mno_visit_lady_4|Rendre visite à {s12}
mno_visit_lady_5|Rendre visite à {s12}
mno_visit_lady_6|Rendre visite à {s12}
mno_visit_lady_7|Rendre visite à {s12}
mno_visit_lady_8|Rendre visite à {s12}
menu_town_tournament_lost|Vous avez été {éliminé/éliminée} du tournoi.{s8}
menu_town_tournament_won|Vous avez gagné le tournoi de {s3} ! Vous êtes le champion ! Une certaine fierté monte en vous lorsque la foule scande votre nom. ^En plus de l'honneur, de la célébrité et de la gloire, vous recevez un prix de {reg9} deniers. {s8}
menu_town_tournament_won_by_another|Étant {reg3?la seule femme invaincue:le seul homme invaincu} ce jour, {s1} gagne les prix et la gloire de ce tournoi.
menu_town_tournament|{s1}Vous êtes au tour {reg0} du tournoi. Il reste {reg1} participants. ^Il y a {reg2} équipes avec {reg3} {reg4?combattants:combattant} dans chacune.
mno_tournament_view_participants|Voir les participants
mno_tournament_bet|Parier sur vous-même
mno_tournament_join_next_fight|Combattre
mno_leave_tournament|Se retirer du tournoi
menu_tournament_withdraw_verify|Êtes-vous certain de vouloir vous retirer du tournoi ?
mno_tournament_withdraw_yes|Oui, c'est peine perdue
mno_tournament_withdraw_no|Non, pas tant qu'il reste une chance de victoire !
menu_tournament_bet|Votre cote est de {reg5} contre {reg6}. {reg1?Vous avez déjà parié {reg1} deniers sur vous-même et si vous gagnez, vous remporterez {reg2} deniers.:} ^Combien souhaitez-vous miser ?
mno_bet_100_denars|100 deniers
mno_bet_50_denars| 50 deniers
mno_bet_20_denars| 20 deniers
mno_bet_10_denars| 10 deniers
mno_bet_5_denars|  5 deniers
menu_tournament_bet_confirm|Si vous misez {reg1} deniers, vous remporterez {reg2} deniers, à condition de gagner le tournoi. ^Cela vous convient-il ?
mno_tournament_bet_accept|Oui, je confirme ma mise
mno_tournament_bet_cancel|Non, je rétracte ma mise
menu_tournament_participants|Vous demandez au maître de l'arène les noms des participants du tournoi. Il y a : ^{s11}
menu_collect_taxes|{reg3?Selon vous:Selon {s1}}, collecter les impôts ici prendra {reg4} jours.
mno_start_collecting|Commencer la collecte
mno_collect_later|La remettre à plus tard
menu_collect_taxes_complete|Les impôts que vous avez perçus à {s3} s'élèvent à {reg3} deniers. {s19} s'attend certainement à ce que vous les lui ameniez dès que possible.
menu_collect_taxes_rebels_killed|Sous votre commandement, vos troupes ont maté la jacquerie jusque dans les chaumières. ^Voilà qui devrait durablement soumettre même les plus rétifs de ces gueux.
menu_collect_taxes_failed|Vous n'aviez collecté que {reg3} deniers d'impôts à {s3} avant que la jacquerie n'éclate. ^{s1} sera contrarié... mais un peu d'argent le satisfera quand même plus que pas d'argent du tout...
menu_collect_taxes_revolt_warning|La populace de {s3} est scandalisée par vos exigences, et crie à l'extorsion ! ^L'agitation qui règne ici indique que la situation pourrait dégénérer, si vous continuez à les oppresser.
mno_continue_collecting_taxes|Payer l'impôt est un devoir ! Poursuivons cette collecte normalement.
mno_halve_taxes|"Vox populi, vox dei". Réduire de moitié l'impôt ({s1} risque de ne pas apprécier)
menu_collect_taxes_revolt|Alors que vous collectiez les impôts de {s3}, vous êtes interrompu par de nombreux {reg9?paysans:citadins} furieux s'approchant de vous, qui réprouvent le montant exorbitant des taxes en brandissant torches et armes. ^Il semble qu'ils veuillent en découdre avec vous !
menu_train_peasants_against_bandits|Selon {reg3?vous:{s1}} ({reg2} en Mentor), il faudrait à ces paysans au moins {reg4} heures d'entraînement.
mno_make_preparation|Les entraîner
mno_train_later|Remettre cela à plus tard
menu_train_peasants_against_bandits_ready|Vous enseignez aux paysans les bases du combat, de la discipline et des valeurs militaires. ^Vous pensez que {reg0} d'entre eux {reg1?sont prêts:est prêt} à passer à la pratique.
mno_peasant_start_practice|Entamer les exercices de combat
menu_train_peasants_against_bandits_training_result|{s0}
menu_train_peasants_against_bandits_attack|Tandis que vous vous apprêtiez à poursuivre l'entraînement, une sentinelle du village court vers vous en criant. Des bandits ont été aperçus se dirigeant droit sur {s3}. ^L'ancien vous conjure d'organiser la défense à l'aide de la milice fraîchement formée.
mno_peasants_against_bandits_attack_resist|Se préparer au combat !
menu_train_peasants_against_bandits_attack_result|{s9}
menu_train_peasants_against_bandits_success|Les bandits sont vaincus ! Quelques uns parviennent à s'enfuir, abasourdis par l'audace de leurs anciennes victimes et leur nouveau champion. ^Les villageois n'ont plus beaucoup à vous offrir après leur long calvaire, mais ils vous offrent tout ce qu'ils trouvent pour vous témoigner de leur gratitude.
menu_disembark|Souhaitez-vous débarquer ?
mno_disembark_yes_2|Débarquer
mno_manage_crew|Organiser vos troupes
mno_disembark_yes_3|Débarquer mais envoyer le bateau à un port
menu_Send_ship_to_town|Envoyer le bateau à
mno_p_town_1|{s1}
mno_p_town_2|{s1}
mno_p_town_6|{s1}
mno_p_town_12|{s1}
mno_p_town_13|{s1}
mno_p_town_15|{s1}
mno_p_town_19|{s1}
mno_abort|Retourner au bateau
menu_ship_reembark|Souhaitez-vous embarquer ?
mno_reembark_yes|Oui
mno_reembark_no|Non
menu_center_reports|{s1}^Revenus : {reg1} deniers^Rentrée des taxes : {reg2} deniers^Réserves de nourriture suffisantes pour {reg3} jours.
mno_to_price_and_productions|Afficher les prix et les productions
menu_price_and_production|Biens produits :^{s1}^^Facteurs de prix :^{s2}
menu_town_trade|Place du marché
mno_auto_sell|Vendre automatiquement des articles
mno_assess_prices|Évaluer les opportunités commerciales
mno_trade_with_arms_merchant|- Marchand d'armes -
mno_trade_with_armor_merchant|- Marchand d'armures -
mno_trade_with_horse_merchant|- Marchand de chevaux -
mno_trade_with_goods_merchant|- Marchand de biens -
mno_auto_buy_food|Acheter automatiquement de la nourriture
mno_back_to_town_menu|Retour
menu_trade_auto_sell_begin|Dans l'inventaire des compagnons choisis, vendre automatiquement tous les articles en-dessous de {reg1} deniers {reg2?aux marchands:à l'ancien} de {reg2?cette ville:ce village}. Plus précisément les aliments, à l'exception des biens et des livres.^^Vous pouvez changer librement d'option ici.
mno_change_settings|Options
menu_trade_auto_buy_food_begin|Vous pouvez acheter automatiquement de la nourriture en fonction d'une liste d'achats. Voulez-vous continuer ?^^Vous pouvez afficher et configurer la liste des courses ici.
mno_change_shopping_list_of_food|Configurer la liste pour la nourriture
menu_town_trade_assessment_begin|Vous surprenez plusieurs discussions au sujet du prix des marchandises dans la région. Vous écoutez attentivement afin de pouvoir réaliser les meilleures affaires.
menu_town_trade_assessment|Étant le membre du groupe le plus au fait des négoces ({reg2} en Marchandage), {reg3?vous essayez d'estimer:{s1} essaie d'estimer} les biens les plus rentables. {s2}
menu_sneak_into_town_suceeded|Déguisé en pèlerin, vous parvenez à tromper les gardes et à passer les portes.
menu_sneak_into_town_caught|Tandis que vous essayez de vous infiltrer, un des gardes vous reconnaît et lance l'alarme. ^Vous devez passez les portes pour vous enfuir avant que toute la garnison ne vous tombe dessus !
mno_sneak_caught_fight|Essayer de fuir
mno_sneak_caught_surrender|Se rendre
menu_sneak_into_town_caught_dispersed_guards|Vous semez les gardes et masquez vos traces avant de vous enfuir, égarant habilement vos poursuivants dans le dédale des rues.
menu_sneak_into_town_caught_ran_away|Vous faites demi-tour, passez les portes de la ville et regagnez rapidement la sécurité de la campagne.{s11}
menu_enemy_offer_ransom_for_prisoner|{s2} vous offre la somme de {reg12} deniers si vous acceptez de lui vendre {s1}.
mno_ransom_accept|Accepter l'offre
mno_ransom_reject|Refuser l'offre
menu_training_ground|Vous approchez un terrain où les gens du coin s'entraînent aux armes. ^Quel type d'entraînement désirez-vous pratiquer ?
mno_camp_trainer|Parler avec le maître d'armes
mno_camp_train_melee|Entraînement au corps à corps
mno_camp_train_archery|Entraînement aux armes à distance
mno_camp_train_mounted|Entraînement à l'équitation
menu_training_ground_selection_details_melee_1|Combien d'adversaires désirez-vous affronter ?
mno_camp_train_melee_num_men_1|Un
mno_camp_train_melee_num_men_2|Deux
mno_camp_train_melee_num_men_3|Trois
mno_camp_train_melee_num_men_4|Quatre
menu_training_ground_selection_details_melee_2|Choisissez votre adversaire #{reg1} :
mno_training_ground_selection_details_melee_random|Aléatoire
menu_training_ground_selection_details_mounted|Avec quel type d'arme souhaitez-vous vous entraîner ?
mno_camp_train_mounted_details_1|Arme à une main
mno_camp_train_mounted_details_2|Arme d'hast
mno_camp_train_mounted_details_3|Arc
mno_camp_train_mounted_details_4|Arme de jet
menu_training_ground_selection_details_ranged_1|Avec quel type d'arme à distance souhaitez-vous vous entraîner ?
mno_camp_train_ranged_weapon_bow|Arc
mno_camp_train_ranged_weapon_crossbow|Arbalète
mno_camp_train_ranged_weapon_thrown|Couteaux de lancer
menu_training_ground_selection_details_ranged_2|Sur quelle distance voulez-vous vous entraîner ?
mno_camp_train_ranged_details_1|10 mètres
mno_camp_train_ranged_details_2|20 mètres
mno_camp_train_ranged_details_3|30 mètres
mno_camp_train_ranged_details_4|40 mètres
mno_camp_train_ranged_details_5|50 mètres
mno_camp_train_ranged_details_6|60 mètres
mno_camp_train_ranged_details_7|70 mètres
menu_training_ground_description|{s0}
menu_training_ground_training_result|{s7}{s2}
menu_marshall_selection_candidate_ask|{s15} désignera bientôt un nouveau maréchal pour le {s23}. Certains seigneurs ont évoqué votre nom comme candidat potentiel.
mno_marshall_candidate_accept|Faire savoir au {s15} que vous désirez la charge de maréchal.
mno_marshall_candidate_reject|Refuser cette responsabilité
menu_captivity_avoid_wilderness|Subitement le monde vacille et s'assombrit tout autour de vous. ^Après plusieurs heures, vous reprenez vos esprits à l'endroit même où vous aviez perdu connaissance. Vos ennemis vous ont sûrement laissé pour mort. ^Grâce à la providence, vos blessures ne laisseront pas de séquelle, si bien que vous pouvez encore marcher malgré votre état de santé critique. ^Vous vous relevez et cherchez autour de vous d'autres survivants.
menu_captivity_start_wilderness|poursuivre
menu_captivity_start_wilderness_surrender|poursuivre
menu_captivity_start_wilderness_defeat|Vous êtes {fait prisonnier/faite prisonniére} par l'ennemi.
menu_captivity_start_castle_surrender|poursuivre
menu_captivity_start_castle_defeat|poursuivre
menu_captivity_start_under_siege_defeat|Vous êtes {fait prisonnier/faite prisonniére} par l'ennemi.
menu_captivity_wilderness_taken_prisoner|Vous êtes {fait prisonnier/faite prisonniére} par l'ennemi.
menu_captivity_wilderness_check|poursuivre
menu_captivity_end_sea_escape|Après plusieurs jours pénibles en captivité, vous parvenez à tromper la vigilance de vos ennemis et à prendre la fuite !
menu_captivity_end_wilderness_escape|Après plusieurs jours pénibles en captivité, vous parvenez à tromper la vigilance de vos ennemis et à prendre la fuite !
menu_captivity_castle_taken_prisoner|Les gardes vous encerclent rapidement et ils vous font rendre les armes. ^Sous les quolibets et les insultes, ils vous jettent au cachot où vous passerez tous les jours de votre misérable captivité.
menu_captivity_rescue_lord_taken_prisoner|Vous gardez votre déguisement aussi longtemps que possible avant de dévoiler qui vous êtes. ^Les gardes, furieux d'avoir été dupés, vous rossent violemment avant de vous remettre au cachot pour Dieu sait combien de temps...
menu_captivity_castle_check|poursuivre
menu_captivity_end_exchanged_with_prisoner|Après des jours d'emprisonnement, on vous libère lors d'un échange de prisonniers.
menu_captivity_end_propose_ransom|Vous passez de longues heures dans la sombre moiteur du cachot, tant que vous ne pouvez plus les compter. Soudain l'un de vos geoliers entre dans votre cellule avec une offre : il se propose de vous libérer contre {reg5} deniers. Vous décidez...
mno_captivity_end_ransom_accept|D'accepter l'offre.
mno_captivity_end_ransom_deny|D'attendre une meilleure opportunité.
menu_captivity_castle_remain|Les jours passent dans l'insalubrité de votre cellule, où vous dépérissez sous les maltraitances des gardes.
menu_kingdom_army_quest_report_to_army|{s8} souhaite que vous vous joigniez à sa nouvelle campagne militaire. ^Pour être utile à cette campagne, vous devez avoir sous votre bannière au moins {reg13} soldats, ou bien en recruter rapidement si vous n'en avez pas assez.
menu_kingdom_army_quest_messenger|{s8} vous fait savoir qu'il souhaite vous parler au sujet d'une mission importante. Il demande que vous veniez le voir le plus rapidement possible.
menu_kingdom_army_quest_join_siege_order|{s8} vous charge de la mission de rejoindre le siège de {s9} afin de préparer l'assaut final. Vos hommes doivent prendre {s9} à n'importe quel prix.
menu_kingdom_army_follow_failed|Vous n'avez pas suivi {s8}. Le maréchal présume que vous étiez engagé ailleurs, mais aurait apprécié votre support.
menu_invite_player_to_faction_without_center|Vous recevez une offre de vassalité !^^ {s8} du {s9} a dépêché un messager royal pour vous transmettre une proposition signée de sa propre main. ^Vous aurez l'honneur de devenir {un vassal/une vassale} du {s9}, et en retour {s8} vous demande de lui prêter serment d'allégeance et de combattre en son nom, malgré qu'aucun fief ne vous soit confié. ^Un refus de votre part serait considéré comme une offense.
mno_faction_accept|Accepter !
mno_faction_reject|Décliner l'invitation.
menu_invite_player_to_faction|Vous recevez une offre de vassalité !^^ {s8} du {s9} a dépêché un messager royal pour vous transmettre une proposition signée de sa propre main. ^Vous aurez l'honneur de devenir {un vassal/une vassale} du {s9}, et en retour {s8} vous demande de lui prêter serment d'allégeance et de combattre en son nom, de surcroît le fief de {s2} vous sera confié pour vos loyaux services. ^Un refus de votre part serait considéré comme une offense.
menu_invite_player_to_faction_accepted|{s3} attend que vous veniez lui prêter serment d'allégeance et lui jurer de servir sa cause afin de devenir son vassal. {s5}.
menu_question_peace_offer|Vous propose un traité d'armistice^^{s1} vous offre de conclure un armistice. Quelle est votre réponse ?
mno_peace_offer_accept|Accepter et faire la paix
mno_dplmc_peace_offer_terms|Dicter les termes de la paix
mno_peace_offer_reject|Poursuivre les hostilités
menu_notification_truce_expired|La trêve est caduque^^La trêve entre le {s1} et le {s2} a expiré.
menu_notification_feast_quest_expired|{s10}
menu_notification_sortie_possible|Ennemis repérés à l'extérieur des remparts de {s4}. {s5} et d'autres préparent une sortie à laquelle vous pouvez vous joindre si le cœur vous en dit.
menu_notification_casus_belli_expired|Le royaume ne cède pas^^Le {s1} n'a pas riposté aux provocations du {s2}, et les sujets les plus belliqueux du {s3} lui font subir une véritable humiliation...^
menu_notification_lord_defects|Défection, {s4} a abandonné le {s5} et rejoint le {s7} en emportant ses fiefs.
menu_notification_treason_indictment|Inculpation pour trahison^^{s9}
menu_notification_border_incident|Incident frontalier^^Vous apprenez que {s9}. Vous ignorez si ces rumeurs sont fondées, mais vous savez que cet insignifiant incident a attisé les anciennes rancoeurs au sein du {s4} qui risque d'en profiter pour déclarer la guerre au {s3}, s'il le désire.
menu_notification_player_faction_active|Vous possédez à présent vos propres terres, sans dépendre d'aucun royaume. Cela fait de vous un monarque de plein droit dont la cour se trouve provisoirement à {s12}. Mais les autres rois de Calradia ne vont pas tarder à vous considérer comme une menace car, à leurs yeux, un seigneur de la guerre qui parvient à s'emparer d'un trône peut également remettre en question leur légitimité.^^À ce stade, vous préférerez peut-être vous engager avec un royaume existant. Si vous choisissez de poursuivre votre voie en tant que monarque indépendant, votre priorité sera de faire reconnaitre votre droit à régner. Pour ce faire, plusieurs moyens s'offrent à vous, faire un mariage dans une famille de haut rang, recruter de nouveaux seigneurs, diriger vos terres, traiter avec d'autres rois ou envoyer vos compagnons en missions.^^Quel que soit votre choix, la première étape consiste à nommer un ministre parmi vos compagnons afin de gérer les affaires d'état. Les compagnons n'ont pas tous les mêmes capacités.^Vous pouvez nommer de nouveaux ministres de temps en temps. Vous pouvez également ordonner le déménagement de votre cour en vous adressant au ministre.
mno_appoint_spouse|Nommer votre épouse, {s10}.
mno_dplmc_appoint_spouse_plus_1|Nommer votre {reg0?épouse:époux}, {s10}.
mno_appoint_npc1|Nommer {s10}
mno_appoint_npc2|Nommer {s10}
mno_appoint_npc3|Nommer {s10}
mno_appoint_npc4|Nommer {s10}
mno_appoint_npc5|Nommer {s10}
mno_appoint_npc6|Nommer {s10}
mno_appoint_npc7|Nommer {s10}
mno_appoint_npc8|Nommer {s10}
mno_appoint_npc9|Nommer {s10}
mno_appoint_npc10|Nommer {s10}
mno_appoint_npc11|Nommer {s10}
mno_appoint_npc12|Nommer {s10}
mno_appoint_npc13|Nommer {s10}
mno_appoint_npc14|Nommer {s10}
mno_appoint_npc15|Nommer {s10}
mno_appoint_npc16|Nommer {s10}
mno_appoint_npc17|Nommer {s10}
mno_appoint_npc18|Nommer {s10}
mno_appoint_npc19|Nommer {s10}
mno_appoint_npc20|Nommer {s10}
mno_appoint_npc21|Nommer {s10}
mno_appoint_npc22|Nommer {s10}
mno_appoint_default|Nommer un éminent citoyen de la région.
menu_minister_confirm|Vous trouverez {s9} à la cour de {s12}. Une consultation régulière évitera l'accumulation des problèmes en suspens, à terme ils risqueraient de saper votre autorité.
menu_notification_court_lost|{s12}
menu_notification_player_faction_deactive|Vous ne possédez désormais plus aucune terre.
menu_notification_player_wedding_day|{s8} vous informe que les préparatifs de votre mariage à {s10} sont terminés et que votre présence y est expressément attendue.
menu_notification_player_kingdom_holds_feast|{s11}
menu_notification_center_under_siege|{s2} du {s3} assiège {s1} !
menu_notification_village_raided|Les ennemis ravagent un fief^^{s1} a été pillé par {s2} du {s3} !
menu_notification_village_raid_started|Votre village est attaqué !^^{s2} du {s3} pille {s1}.
menu_notification_one_faction_left|Calradia a été conquise par un seul royaume.^^Le {s1} est venu à bout de tous ses rivaux et s'est assuré l'hégémonie sur tout le pays.
menu_notification_oath_renounced_faction_defeated|Votre ancienne faction a été vaincue.^^Vous avez triomphé et brillamment défait le {s1} ! Cela met un terme aux hostilités qui avaient débuté après que vous ayez rompu votre serment d'allégeance.
menu_notification_center_lost|Un fief est perdu^^Vous perdez {s1}, c'est maintenant le {s2} qui le possède.
menu_notification_troop_left_players_faction|Trahison !^^{s1} a quitté le {s2} et rejoint le {s3}.
menu_notification_troop_joined_players_faction|Bonne nouvelle !^^ {s1} a quitté le {s2} et rejoint le {s3}.
menu_notification_war_declared|Déclaration de guerre^^{s1} a déclaré la guerre contre le {s2} !
menu_notification_peace_declared|Accord de paix^^Le {s1} et le {s2} ont signé un accord de paix !
menu_notification_faction_defeated|Faction éliminée^^Le {s1} n'est plus !
menu_notification_kingdom_restoration|Restauration !^^{s10} a renoncé à son allégeance auprès de {s12} et a restauré sa propre faction : {s11}.
menu_notification_rebels_switched_to_faction|Triomphe de la rébellion !^^ Votre rebellion est victorieuse ! Votre faction est désormais la seule à pouvoir réclamer le titre de {s11}, avec {s12} comme seul souverain.
menu_notification_player_should_consult|Votre ministre vous fait savoir que des problèmes couvent dans le royaume, à défaut d'être résolus, ceux-ci risquent de saper votre autorité. Vous devriez le consulter au plus vite.
menu_notification_player_feast_in_progress|Banquet en préparation^^Votre épouse a entamé les préparatifs d'un banquet dans la salle d'honneur de {s11}.
menu_notification_lady_requests_visit|Une vieille femme s'approche de votre groupe et remet à l'un de vos hommes un petit pli cacheté à la cire. Il vous est adressé. ^Lorsque vous rompez le sceau, vous constatez qu'il vient de {s15}. ^"J'eus doux délice de notre dernière accointance, {s14}. Si vous avez cœur à me donner rencontre, je me languis à {s10}. {s12}
mno_continue_visit_yes| Informer sa maîtresse que vous viendrez bientôt
mno_continue_visit_no| Informer sa maîtresse que vous êtes indisposé
menu_garden|{s12}
mno_nurse_1|Suivre la dame de compagnie
mno_nurse_2|Attendre près de la source
menu_kill_local_merchant_begin|Vous apercevez votre cible et la suivez jusqu'à ce qu'elle s'engage dans une ruelle sombre. ^C'est le moment ou jamais !
menu_debug_alert_from_s65|ALERTE DEBUG : {s65}
menu_auto_return_to_map|stub
menu_bandit_lair|{s3}
mno_continue_1|Attaquer le repaire
mno_leave_no_attack|Partir
mno_leave_victory|Continuer
mno_leave_defeat|Continuer
menu_notification_player_faction_political_issue_resolved|Après avoir consulté les autres seigneurs du royaume, {s10} a décidé de donner {s11} au {s12}.
menu_notification_player_faction_political_issue_resolved_for_player|Après avoir consulté les autres seigneurs du royaume, {s10} a décidé de vous donner {s11}. ^Vous pouvez refuser, mais cela voudra probablement dire que vous ne recevrez pas d'autre fief avant un moment.{s12}
mno_accept|Accepter.
mno_decline|Décliner cet honneur.
menu_start_phase_3|{s16}^^Vous êtes {épuisé/épuisée}, vous trouvez une auberge à {s1}, et vous vous endormez rapidement. ^Cependant vous vous levez avant l'aube, {désireux/désireuse} d'explorer les alentours. Vous vous aventurez dans les rues encore désertes. ^Soudain, vous entendez un bruit qui vous fait dresser les cheveux sur la tête, celui d'une épée qui jaillit de son fourreau...
menu_start_phase_4|{s11}
menu_lost_tavern_duel|{s11}
menu_establish_court|Pour établir votre cour à {s4}, une petite rénovation est nécessaire. Vous avez besoin d'outils et de velours. ^Cela peut prendre du temps pour certains de vos partisans à se reloger ici. ^Êtes-vous prêt ?
mno_establish|Établir votre cour à {s4}
menu_notification_relieved_as_marshal|{s4} désire vous informer que votre service en tant que maréchal touche à sa fin. ^En l'honneur de votre loyal dévouement envers le royaume au cours des {reg4} derniers jours, une récompense de {reg5} deniers vous est offerte.
menu_manage_loot_pool|{s10}
mno_auto_loot|Laissez vos héros choisir les équipements parmi les articles disponibles
mno_auto_loot_no|Espace insuffisant pour une mise à niveau automatique
mno_loot|Accéder aux articles disponibles
mno_auto_loot_upgrade_management|Gérer la mise à niveau des équipements des compagnons (NPC)
mno_auto_loot_leave_with_nothing|Choisissez les articles dont le prix est plus élevé que {reg1} deniers et continuez.
mno_auto_loot_leave|{s20}
menu_auto_loot|Vos compagnons prendront automatiquement les articles disponibles prédéfinis dans les options de mise à niveau. Le choix se fera dans l'ordre des héros dans votre groupe. Chaque équipement remplacé sera remis à disposition dans l'inventaire des articles disponibles. Êtes-vous sûr de vouloir le faire ?
mno_No|Non, j'ai changé d'avis.
mno_Yes|Oui.
menu_choose_options_1|Rassembler les 17 compagnons dans la taverne de la première ville rencontrée ?^^Lorsque vous les rassemblez, regardez partout dans la taverne, y compris à l'étage. Si votre compagnon favori n'est pas présent, quitter et revenir à la taverne, parfois ils ne rentrent pas tous.
mno_native_troop_trees|Abre d'unités NATIF (défaut)
mno_reworked_troop_trees|Abre d'unités REWORKED
mno_expanded_troop_trees|Abre d'unités EXPANDED
menu_choose_options_2|Assembler tous les companions dans la taverne de la première ville? Quand vous les assemblez, il vous suffit de regarder à l'étage de la taverne. Si vous ne trouvez pas votre préféré, quittez et revenez dans la taverne.
mno_yes_npcs|Oui
mno_no_npcs|Non
menu_choose_options_3|Souhaitez-vous jouer avec le brouillard de guerre?
menu_choose_options_end|Terminer
menu_town_menu_cheats|TRICHES
menu_dplmc_notification_alliance_declared|Accord d'alliance !^^{s1} et {s2} ont conclu une alliance.^{s57}
mno_dplmc_continue|Continuer
menu_dplmc_notification_defensive_declared|Pacte de défense !^^{s1} et {s2} ont convenu d'un pacte de défence.^{s57}
menu_dplmc_notification_trade_declared|Accord commercial !^^{s1} et {s2} ont signé un accord commercial.^{s57}
menu_dplmc_notification_nonaggression_declared|Traité de non-agression !^^{s1} et {s2} ont conclu un traité de non-agression.^{s57}
menu_dplmc_question_alliance_offer|Vous recevez une offre d'alliance !^^{s1} veut conclure une alliance avec vous. Quelle est votre réponse ?
mno_dplmc_alliance_offer_accept|Accepter
mno_dplmc_alliance_offer_reject|Rejeter
menu_dplmc_question_defensive_offer|Vous recevez une offre de pacte !^^{s1} vous propose un pacte de défence. Quelle est votre réponse ?
mno_dplmc_defensive_offer_accept|Accepter
mno_dplmc_defensive_offer_reject|Rejeter
menu_dplmc_question_trade_offer|Vous recevez une offre de pacte !^^{s1} vous propose un pacte commercial. Quelle est votre réponse ?
mno_dplmc_trade_offer_accept|Accepter
mno_dplmc_trade_offer_reject|Rejeter
menu_dplmc_question_nonaggression_offer|Vous recevez une offre de pacte !^^{s1} vous propose un traité de non-agression. Quelle est votre réponse ?
mno_dplmc_nonaggression_offer_accept|Accepter
mno_dplmc_nonaggression_offer_reject|Rejeter
menu_dplmc_notification_alliance_expired|Alliance expirée !^^L'alliance entre {s1} et {s2} est terminée et s'est transformée en un pacte défensif.
menu_dplmc_notification_defensive_expired|Pacte défensif expiré !^^Le pacte défensif entre {s1} et {s2} est terminé et s'est transformé en un accord commercial.
menu_dplmc_notification_trade_expired|Accord commercial expiré !^^L'accord commercial entre {s1} et {s2} est terminé et s'est transformé en un traité de non-agression.
menu_dplmc_dictate_terms|Dicter vos conditions de paix.
mno_dplmc_demand_4000|Demander 4000 deniers
mno_dplmc_demand_8000|Demander 8000 deniers
mno_dplmc_demand_castle|Demander {s2}
mno_dplmc_go_back|Retour
menu_dplmc_deny_terms|{s1} refuse vos conditions et met fin aux négociations.
menu_dplmc_village_riot_result|{s9}
menu_dplmc_village_riot_removed|Dans une bataille sanglante vos hommes et vous égorgez les rebelles et vous reprenez le contrôle du village. Mais il n'y a plus grand-chose à contrôler.
menu_dplmc_town_riot_removed|Dans une bataille sanglante vos hommes et vous abattez les rebelles et vous reprenez le contrôle de la ville.
menu_dplmc_riot_negotiate|Vous vous approchez de la foule en colère et entamez des négociations. Le chef des émeutiers demande {reg0} deniers. Il accepte de déposer les armes si vous acceptez de payer.
mno_dplmc_pay_riot_treasury|Demander au chambellan de verser l'argent provenant de la trésorerie.
mno_dplmc_pay_riot_cash|Payer immédiatement.
mno_dplmc_back|Retour
menu_dplmc_notification_riot|Les paysans de {s1} ont provoqué une émeute contre vous ! Dans une attaque surprise vos fidèles ont été tués. Les autres ont rejoint la foule en colère.
menu_dplmc_notification_appoint_chamberlain|En tant que seigneur d'un fief, vous pouvez maintenant nommer un chambellan qui résidera à votre siège pour un salaire hebdomadaire de 15 deniers. Il se chargera de toutes les questions financières et fixera les taxes, s'occupera des salaires et de la gestion de vos biens. En outre, il supervisera les transferts d'argent entre factions ce qui vous donnera plus d'options diplomatiques.
mno_dplmc_appoint_default|Nommer un éminent noble local.
menu_dplmc_chamberlain_confirm|Votre chambellan se trouve à votre cour. Vous devrez le consulter si vous voulez lui parler des questions financières ou si vous avez besoin de plus d'argent. Vous devriez toujours vous assurer qu'il y a assez d'argent dans la trésorerie pour les affaires politiques.
menu_dplmc_notification_appoint_constable|En tant que seigneur d'un fief, vous pouvez maintenant nommer un connétable, responsable militaire qui résidera à votre cour pour un salaire hebdomadaire de 15 deniers. Il recrutera de nouvelles troupes et fournira des informations sur votre armée.
menu_dplmc_constable_confirm|Votre connétable se trouve à votre cour. Vous devrez le consulter si vous voulez recruter de nouvelles troupes ou avoir des informations détaillées sur votre armée.
menu_dplmc_notification_appoint_chancellor|En tant que seigneur d'un fief, vous pouvez maintenant nommer un chancelier qui résidera à votre cour pour un salaire hebdomadaire de 20 deniers. Il sera le garant de votre cachet, et sera responsable de la correspondance entre vous et les personnages importants.
menu_dplmc_chancellor_confirm|Votre chancelier se trouve à votre cour. Vous devrez le consulter si vous voulez envoyer des messages ou des cadeaux.
menu_dplmc_deserters|Certains de vos hommes désertent parce qu'ils croient que vous n'allez pas payer leurs soldes. Vous en perdez {s11}.
menu_dplmc_negotiate_besieger|Vous agitez un drapeau blanc au sommet des murs. Après un moment, un négociateur envoyé par {s11} s'approche de vous. Il demande {s6} et tous les villages associés ainsi que {reg0} deniers pour une escorte de sécurité.
mno_dplmc_comply_treasury|Accepter et demander à votre chambellan de verser l'argent provenant de la trésorerie.
mno_dplmc_comply|Accepter et payer immédiatement.
mno_dplmc_break_off|Mettre fin aux négociations.
menu_dplmc_messenger|Seigneur, j'ai trouvé {s10} et je lui ai délivré votre message. Voilà la réponse, {s11}.
menu_dplmc_scout|Votre espion revient de {s10}^^{s11}{s12}
menu_dplmc_domestic_policy|Vous pouvez maintenant décider de la politique intérieure de votre faction. Voulez-vous changer de politique maintenant ?
mno_dplmc_yes|Oui, je veux changer la politique intérieure.
mno_dplmc_no|Non, je ne veux pas changer la politique intérieure.
menu_dplmc_preferences|Diplomacy 4.2 (November 27, 2011) Preferences{s0}
mno_dplmc_disable_horse_speed|Désactiver la vitesse de chevaux de Diplomacy
mno_dplmc_enable_horse_speed|Activer la vitesse de chevaux de Diplomacy
mno_dplmc_disable_battle_continuation|Désactiver la continuation des combats
mno_dplmc_enable_battle_continuation|Activer la continuation des combats
mno_dplmc_disable_terrain_advantage|Désactiver l'avantage de terrain dans les combats auto (actuellement: ACTIVÉ)
mno_dplmc_enable_terrain_advantage|Activer l'avantage de terrain dans les combats auto (actuellement: DÉSACTIVÉ)
mno_dplmc_reset_terrain_advantage|Vous avez utilisé une sauvegarde d'un autre mod: g dplmc terrain advantage = {reg0} (cliquez pour réinitialiser)
mno_dplmc_toggle_lord_recycling_a|Activer le reour d'exil des seigneurs (actuellement: DÉSACTIVÉ)
mno_dplmc_toggle_lord_recycling_b|Désactiver le reour d'exil des seigneurs (actuellement: ACTIVÉ)
mno_dplmc_toggle_lord_recycling_reset|Vous avez utilisé une sauvegarde d'un autre mod: g dplmc lord recycling = {reg0} (cliquez pour réinitialiser)
mno_dplmc_toggle_ai_changes_a|Activer les modifications d'IA (actuellement: DÉSACTIVÉ)
mno_dplmc_toggle_ai_changes_b|Augmenter les modifications d'IA (actuellement: BAS
mno_dplmc_toggle_ai_changes_c|Augmenter les modifications d'IA (actuellement: MOYEN
mno_dplmc_toggle_ai_changes_d|Désactiver les modifications d'IA (actuellement: HAUT/EXPERIMENTAL)
mno_dplmc_reset_ai_changes|Vous avez utilisé une sauvegarde d'un autre mod: g dplmc ai changes = {reg0} (cliquez pour réinitialiser)
mno_dplmc_toggle_gold_changes_a|Définir les changements économiques et comportementaux à BAS (actuellement: DÉSACTIVÉ)
mno_dplmc_toggle_gold_changes_b|Définir les changements économiques et comportementaux à MOYEN (actuellement: BAS)
mno_dplmc_toggle_gold_changes_c|Définir les changements économiques et comportementaux à HAUT/EXPERIMENTAL (actuellement: MOYEN)
mno_dplmc_toggle_gold_changes_d|Désactiver les changements économiques et comportementaux (actuellement: HAUT/EXPERIMENTAL)
mno_dplmc_reset_gold_changes|Vous avez utilisé une sauvegarde d'un autre mod: g dplmc gold changes = {reg0} (cliquez pour réinitialiser)
mno_dplmc_switch_woman_prejudice_1|Changer le niveau de sexisme (actuellement: DEFAUT)
mno_dplmc_switch_woman_prejudice_2|Changer le niveau de sexisme (actuellement: OFF)
mno_dplmc_switch_woman_prejudice_3|Changer le niveau de sexisme (actuellement: HAUT)
menu_dplmc_affiliated_family_report|{s0}
menu_dplmc_start_select_prejudice|Dans la société médiévale traditionnelle, la guerre et la politique sont généralement dominés par les hommes membres de la noblesse. A cause de cela, un personnage féminin peut rencontrer des préjugés et rater certaines opportunités (bien qu'une femme aura des possibilités que l'homme n'aura pas). Certains trouveront cela injuste, ainsi vous pouvez ignorer cet aspect de la société à Calradia.^^Vous pouvez changer d'avis via les options dans le menu de campement
mno_dplmc_start_prejudice_yes|Le sexisme ne me dérange pas
mno_dplmc_start_prejudice_no|Je préfèrerais ne pas rencontrer de préjugés
menu_dplmc_economic_report|{s0}
menu_port|Vous visitez le port de {s1}. En vous balladant, vous sentez le puissant vent de l'océan poussant vos vêtements. De nombreux navires sont ancrés ici et vous remarquer que certains équipages emplissent leur bateau de cargaisons locales tandis que d'autres déchargent leur cargo. L'un d'eux semble être le responsable du port et vous vous dirigez vers lui et lui demandez de l'aide. Il vous regarde et rétorque d'un air bougon:^Que voulez-vous? Je n'ai pas toute la journée!
mno_Buy_a_ship|Acheter un bateau (50.000 deniers)
mno_manage_ships|Gérer les bateaux
mno_View_notes|Consulter le registre des bateaux
mno_dummy_1|{s10}
mno_dummy_2|{s10}
mno_dummy_3|{s10}
mno_dummy_4|{s10}
menu_Ship_notes|La guilde royale des marchands garde une trace de tous les bateaux des villes côtieres. Jetez un oeil au registre pour repérer les bateaux qui vous appartiennent.^{s3}
menu_choose_ship|La liste suivante contient tous les bateaux amarrés à cette ville. Choisissez-en un à embarquer, mais soyez surs que vos troupes correspondes aux exigeances
mno_ship_1|{s1}
mno_ship_2|{s1}
mno_ship_3|{s1}
mno_ship_4|{s1}
mno_ship_5|{s1}
menu_upgrade_to_hero|Un ou plusieurs combatants ont excédé vos attentes. ^Vous vous rapprochez de la ligne de vos troupes, et...
mno_hero_1|Arrêter pour parler à {s1}
mno_hero_2|Arrêter pour parler à {s1}
mno_hero_3|Arrêter pour parler à {s1}
mno_hero_4|Arrêter pour parler à {s1}
mno_prev|aller aux précédentes lignes
mno_next|aller aux lignes suivantes
mno_close|fermer
menu_entrenched_camp|Vos fortifications sont achevées.    
menu_tpe_town_tournament|{s1}Vous êtes au {reg0}e tour du tournoi. Au prochain tour, il y aura {reg2} équipes de {reg3} {reg4?combattants:combattant}. {s20}
mno_tournament_options_panel|Options de tournoi
mno_tournament_design_panel|Design de tournoi
mno_debug_leave_tournament|DEBUG: Sortir du tournoi
menu_tpe_jump_to_rankings|I shouldn't see this. This should automatically be covered by the ranking display.
menu_tpe_tournament_withdraw_verify|Etes-vous sûr de vouloir abandonner le tournoi?
menu_tpe_town_tournament_won_by_another|En tant que seul {reg3?combattant:homme} à demeurer invaincu aujourd'hui, {s1} remporte le tournoi
menu_tpe_tournament_config|Ceci est le menu de configuration de l'amélioration de tournoi.
mno_tpe_enable_tourny|Activer les améliorations de tournoi
mno_tpe_disable_tourny|Désactiver les améliorations de tournoi
mno_tpe_enable_quests|Activer les quêtes de tournoi automatiques
mno_tpe_disable_quests|désactiver les quêtes de tournoi automatiques
mno_tpe_quest_setting_low|Définir la fréquence de quêtes à MOYEN (actuellement: BAS)
mno_tpe_quest_setting_med|Définir la fréquence de quêtes à HAUT (actuellement: MOYEN)
mno_tpe_quest_setting_high|Définir la fréquence de quêtes à BAS (actuellement: HAUT)
mno_tpe_jump_to_options|Options de joueur
mno_tpe_jump_to_design|Options de design
mno_tpe_credits|Crédits & Informations
mno_tpe_debug|DEBUG: Force Tournament Quest to End
menu_world_map_soldier|Qu'avez-vous besoin de faire soldat?
mno_join_commander_battle|Suivre le commandant dans la bataille
mno_enter_town|Entrer dans la ville actuelle
mno_commander|Demander à parler à votre commandant
mno_revolt|Vous révolter contre votre commandant!
mno_desert|Déserter (garde l'équipement mais détruit vos relations)
mno_report|Rapport du commandant
mno_return_to_duty|Retourner au service
menu_commander_aud|Votre demande est transmise au campement de votre commandant, et enfin {s6} apparaît de sa tente pour vous parler
mno_reject_talk_lord|Non, rien
menu_ask_revolt|Vous êtes sûr de vouloir vous révolter?
mno_confirm_revolt|Oui, {s6} court à notre perte, c'est le moment d'agir!
mno_reject_revolt|Non, je suis loyal à {s6}
menu_revolt|Voulez-vous libérer les prisonniers pour aider vos hommes?
mno_revolt_prisoners|Oui, je prends le risque
mno_revolt_no_prisoners|Non, je ne peux pas me fier à eux
menu_ask_desert|Voulez-vous déserter?
mno_confirm_desert|Oui, tout ceci est absurde
mno_reject_desert|Non, je suis loyal à mon commandant
menu_desert|Dans le service, vous vous êtes fait de francs camarades, dont certains pouraient vous suivre
mno_desert_party|Essayer de les convaincre de vous rejoindre
mno_desert_alone|Non, je serai mieux seul
menu_upgrade_path|En reconnaissance de vos excellents services, vous avez été promu.
mno_upgrade_path_1|{s66}
mno_upgrade_path_2|{s67}
menu_lco_presentation|Texte caché
menu_lco_view_character|Texte caché
menu_lco_auto_return|Texte caché
